"X","longitude","latitude","housing_median_age","total_rooms","total_bedrooms","population","households","median_income","median_house_value","near_bay","near_ocean","oneh_ocean","inland"
14435,-117.23,32.8,28,3379,918,1849,849,3.0293,241700,0,1,0,0
18522,-122.05,36.97,20,2428,473,1145,454,3.6797,263800,0,1,0,0
15153,-117.05,33.01,17,3430,425,1468,433,10.6186,429300,0,0,1,0
10326,-117.8,33.79,13,2021,362,1081,341,4.3269,231400,0,0,1,0
6600,-118.16,34.17,52,1193,228,703,221,3.1741,163800,0,0,1,0
6844,-118.13,34.07,20,2130,654,1870,578,2.3664,192200,0,0,1,0
1430,-122.03,37.98,45,2842,567,1261,535,3.6042,138200,1,0,0,0
19222,-122.71,38.46,23,3220,603,1299,591,3.9261,213300,0,0,1,0
3558,-118.56,34.24,23,2980,362,1208,378,8.1714,500001,0,0,1,0
15202,-117.11,32.91,15,1840,235,855,241,7.5992,310600,0,0,1,0
5106,-118.31,33.95,44,1558,333,1095,316,4.0043,133500,0,0,1,0
770,-122.09,37.65,35,1184,200,572,194,4.7143,193800,1,0,0,0
17020,-122.3,37.52,38,2769,387,994,395,5.5902,417000,0,1,0,0
14003,-117.1,34.57,6,5110,1044,1938,724,3.1917,112800,0,0,0,1
11737,-121.06,38.88,17,7635,1284,3096,1227,4.2917,184300,0,0,0,1
2429,-119.52,36.61,33,1225,275,1065,248,1.8958,55100,0,0,0,1
19436,-121.04,37.67,16,19,19,166,9,0.536,162500,0,0,0,1
8622,-118.38,33.86,15,1778,311,908,330,7.674,329300,0,0,1,0
1836,-122.3,37.9,37,2125,489,912,462,2.9219,217200,1,0,0,0
3597,-118.49,34.24,34,1971,316,917,307,6.0965,262300,0,0,1,0
14287,-117.12,32.72,36,6096,1285,3093,1229,3.37,159100,0,1,0,0
12779,-121.42,38.64,44,1728,367,1042,349,1.6033,58500,0,0,0,1
17767,-121.85,37.34,27,1481,409,1505,391,2.5769,137500,0,0,1,0
10731,-117.87,33.6,35,1598,398,782,411,5.1155,5e+05,0,0,1,0
2538,-122.01,39.74,20,2332,518,1856,495,2.1746,58700,0,0,0,1
11855,-120.46,39.83,18,3406,673,1567,617,2.2717,75900,0,0,0,1
10776,-117.9,33.65,28,2043,430,1108,452,5.2549,261800,0,0,1,0
16082,-122.49,37.74,52,2302,457,1154,424,4.5744,315200,0,1,0,0
19712,-121.65,39.16,16,5022,1103,2087,956,2.3963,114800,0,0,0,1
17078,-122.2,37.48,41,733,155,652,140,5.1654,233600,1,0,0,0
12296,-116.89,33.93,29,4549,916,2494,912,2.0976,72600,0,0,0,1
16981,-122.3,37.57,36,2406,436,1189,403,4.7917,276100,1,0,0,0
3266,-122.95,39.13,17,380,69,225,72,3.25,137500,0,0,0,1
13386,-117.56,34.12,4,6956,1271,3455,1228,4.7193,178700,0,0,0,1
19563,-120.96,37.59,11,4236,879,2410,850,2.3849,122000,0,0,0,1
8241,-118.19,33.77,21,2103,727,1064,603,1.6178,137500,0,1,0,0
6564,-118.13,34.2,46,1271,236,573,210,4.9312,240200,0,0,0,1
3141,-118.19,34.87,2,2103,389,923,338,5.0553,111100,0,0,0,1
16367,-121.3,38.01,30,2547,485,1547,501,3.994,95500,0,0,0,1
11079,-117.85,33.8,40,1461,286,1322,264,4.3269,194100,0,0,1,0
8500,-118.29,33.89,32,2355,583,1605,571,4.2171,218200,0,0,1,0
16222,-121.36,37.96,32,614,95,227,107,3.9922,247400,0,0,0,1
214,-122.22,37.79,46,2366,575,1647,527,2.6042,124700,1,0,0,0
4944,-118.28,34.02,46,1098,426,1510,374,2.1382,156300,0,0,1,0
1887,-119.98,38.93,25,1262,293,534,226,2.6607,90400,0,0,0,1
20011,-119.14,36.06,32,1838,441,1628,425,1.6452,41500,0,0,0,1
1176,-121.57,39.48,15,202,54,145,40,0.8252,42500,0,0,0,1
17506,-121.9,37.36,47,1007,245,581,240,2.9545,237500,0,0,1,0
10314,-117.8,33.85,23,3038,470,1568,438,5.6403,233000,0,0,1,0
4370,-118.28,34.11,46,1156,203,514,213,4.2019,352100,0,0,1,0
412,-122.28,37.89,52,1225,169,412,168,5.7912,327100,1,0,0,0
8171,-118.12,33.81,36,1665,291,721,294,4.6875,250700,0,0,1,0
14025,-117.15,32.76,43,2361,489,824,470,3.4196,302200,0,1,0,0
1641,-121.84,37.98,8,7505,1089,3325,1016,5.2699,204200,0,0,0,1
7287,-118.24,33.98,45,173,42,230,57,3.0724,110700,0,0,1,0
8378,-118.35,33.95,30,2661,765,2324,724,3.0519,137500,0,0,1,0
2692,-115.52,32.97,10,1879,387,1376,337,1.9911,67500,0,0,0,1
9047,-118.1,34.65,33,873,177,425,142,2.67,187500,0,0,0,1
16771,-122.47,37.69,27,2447,720,2104,657,3.449,239100,0,1,0,0
16978,-122.31,37.57,31,2197,477,1193,394,4.6371,271100,0,1,0,0
1533,-122.05,37.9,24,4125,1020,1699,873,2.9526,271000,1,0,0,0
17012,-122.28,37.53,34,1980,385,970,391,5.1207,310900,0,1,0,0
17341,-120.45,34.86,23,3415,778,1492,633,2.2791,114800,0,1,0,0
11537,-118.09,33.77,27,2301,640,847,627,1.7208,67500,0,0,1,0
11441,-117.97,33.73,18,3698,574,2046,614,6.2984,269800,0,0,1,0
18951,-122.05,38.26,32,1070,199,631,195,2.6827,98900,0,0,0,1
3578,-118.54,34.24,24,4631,1164,2360,1083,3.0977,264000,0,0,1,0
13736,-117.2,34.04,24,1587,222,676,234,6.0715,173400,0,0,0,1
18384,-121.8,37.19,45,1797,303,870,281,4.5417,434500,0,0,1,0
20399,-118.86,34.22,26,1775,295,1004,323,5.5845,251700,0,0,1,0
8608,-118.37,33.87,18,2516,485,1128,433,5.0114,338600,0,0,1,0
7834,-118.16,33.91,28,2922,739,3013,673,2.9531,127100,0,0,1,0
9791,-121.84,36.25,20,958,245,590,189,2.6094,362500,0,1,0,0
2669,-115.46,33.19,33,1234,373,777,298,1,40000,0,0,0,1
1062,-121.87,39.75,22,1707,296,822,297,3.6625,126600,0,0,0,1
13935,-117.32,34.24,29,1290,263,323,113,1.9265,103300,0,0,0,1
17488,-119.82,34.43,15,1482,345,669,379,3.0773,112500,0,1,0,0
12066,-117.55,33.85,4,8207,1373,3887,1304,4.8686,195300,0,0,0,1
3002,-119.02,35.3,10,7397,1369,4611,1310,3.6369,81600,0,0,0,1
15083,-116.94,32.8,28,3042,729,1964,703,2.4141,137500,0,0,1,0
18913,-122.24,38.15,10,6817,1188,4163,1135,4.4529,144100,1,0,0,0
14260,-117.11,32.7,33,1980,488,1626,428,1.4856,86400,0,1,0,0
17478,-120.05,34.47,21,1241,248,746,211,3.8056,425000,0,1,0,0
6871,-118.11,34.06,14,2628,668,2208,574,2.9764,160300,0,0,1,0
8119,-118.18,33.8,42,2301,621,2114,561,2.0579,132700,0,1,0,0
19969,-119.09,36.21,43,1335,280,943,288,1.9861,47700,0,0,0,1
16850,-122.42,37.62,39,1355,214,682,246,6.3443,324700,0,1,0,0
1180,-121.54,39.48,29,2896,596,1809,617,1.8047,53800,0,0,0,1
2892,-118.98,35.39,32,2620,682,2375,684,1.2618,46900,0,0,0,1
10629,-117.77,33.71,4,1646,321,859,300,5.5631,227800,0,0,1,0
11224,-117.94,33.81,33,1891,334,932,343,4.2759,238000,0,0,1,0
16635,-120.84,35.31,23,3100,603,1515,609,2.8493,196100,0,1,0,0
13231,-117.64,34.15,16,2896,404,1165,379,6.4559,392900,0,0,0,1
11801,-121.29,38.9,45,2019,394,1104,407,3.1691,108700,0,0,0,1
15295,-117.35,33.17,16,4595,1341,2849,1197,2.478,185600,0,1,0,0
15488,-117.12,33.14,16,1710,272,1025,267,4.1641,163600,0,0,1,0
15991,-122.47,37.75,45,2399,426,911,423,4.4312,361000,1,0,0,0
12254,-117.02,33.73,14,3700,750,1171,695,1.9476,112500,0,0,0,1
9467,-123.8,39.44,52,1533,336,754,340,1.9213,95000,0,0,1,0
1306,-121.83,38,25,1710,288,799,259,4.8359,145300,0,0,0,1
2167,-119.83,36.77,23,2168,503,1190,425,2.625,71600,0,0,0,1
20510,-121.53,38.6,25,5154,1105,3196,1073,2.7566,80200,0,0,0,1
16019,-122.47,37.73,52,2134,277,936,285,5.9245,484600,0,1,0,0
18811,-121.67,40.89,17,2548,537,1118,461,2.267,57800,0,0,0,1
4736,-118.39,34.05,47,1621,314,724,311,5.7509,474100,0,0,1,0
14455,-117.27,32.83,39,1877,426,805,409,3.875,410000,0,1,0,0
5975,-117.76,34.11,22,4935,954,2874,938,3.9825,180500,0,0,0,1
17734,-121.8,37.31,15,1807,378,1277,341,4.5045,164500,0,0,1,0
19763,-122.19,40.07,21,1548,290,744,265,1.9773,55000,0,0,0,1
17538,-121.89,37.35,47,2879,631,2229,606,3.2599,183100,0,0,1,0
16059,-122.49,37.76,52,1792,305,782,287,4.0391,332700,1,0,0,0
18136,-122.01,37.35,33,2517,496,1158,443,5.0785,289500,0,0,1,0
11738,-121.08,38.89,41,3471,753,1680,710,2.6701,139000,0,0,0,1
12272,-117.04,34,21,4624,852,2174,812,3.5255,132100,0,0,0,1
3409,-118.31,34.26,37,1444,246,624,239,5.76,239400,0,0,1,0
6033,-117.72,34.07,33,4100,740,2580,730,3.7321,134200,0,0,0,1
17815,-121.82,37.42,13,3752,572,1581,526,6.1091,329400,0,0,1,0
11496,-118.03,33.7,15,3244,421,1259,413,7.7854,395300,0,0,1,0
10735,-117.87,33.6,34,3415,779,1275,718,4.498,482900,0,0,1,0
7574,-118.21,33.9,43,1810,357,1335,358,3.1189,118800,0,0,1,0
17637,-121.92,37.27,29,5536,862,2651,881,5.6358,282100,0,0,1,0
3307,-122.64,38.96,29,883,187,326,136,1.7273,58200,0,0,0,1
5869,-118.35,34.18,46,2711,491,1277,490,4.282,224700,0,0,1,0
11164,-118,33.83,24,2578,580,1217,529,2.2401,212500,0,0,1,0
4970,-118.28,34,43,713,245,880,237,1.2065,103600,0,0,1,0
14691,-117.09,32.8,36,2163,367,915,360,4.7188,174100,0,1,0,0
5452,-118.46,34.01,43,513,98,266,103,5.6428,343100,0,0,1,0
1986,-120.79,38.7,13,5036,1034,2243,923,2.3319,138500,0,0,0,1
17768,-121.84,37.35,22,2914,768,2962,762,2.2031,164000,0,0,1,0
17221,-119.72,34.47,34,3262,533,1265,502,5.8411,381800,0,0,1,0
9808,-121.93,36.59,25,2201,353,622,295,5.0621,386500,0,1,0,0
15160,-117.05,32.96,18,3593,661,1992,626,4.8295,165800,0,0,1,0
1233,-120.36,38.21,10,4300,845,1480,609,2.8208,139900,0,0,0,1
12802,-121.46,38.62,35,3326,696,2511,649,1.9871,60900,0,0,0,1
2693,-115.32,32.82,34,591,139,327,89,3.6528,1e+05,0,0,0,1
4182,-118.23,34.09,41,438,201,690,161,2.0476,181300,0,0,1,0
17660,-121.88,37.28,33,2951,529,1288,521,4.1554,313100,0,0,1,0
13031,-121.2,38.67,26,1546,287,773,299,2.9803,115400,0,0,0,1
16492,-121.05,37.93,17,2474,480,1649,453,3.275,156500,0,0,0,1
17904,-121.97,37.36,24,4841,894,2656,920,6.0573,254500,0,0,1,0
4781,-118.32,34.04,42,1766,404,1117,367,2.0259,168800,0,0,1,0
15,-122.26,37.85,52,2643,626,1212,620,1.9167,159200,1,0,0,0
15036,-117,32.79,31,3256,726,1595,706,3.4773,155800,0,0,1,0
2213,-119.86,36.8,18,2536,516,1196,466,2.5595,67900,0,0,0,1
16908,-122.35,37.57,52,2059,345,800,308,4.97,500001,0,1,0,0
16767,-122.48,37.69,33,2347,512,1259,481,3.4492,264300,0,1,0,0
13271,-117.66,34.09,23,1426,313,954,319,3.0357,151500,0,0,0,1
3455,-118.41,34.32,18,6572,1105,3473,1067,5.2987,203400,0,0,1,0
17677,-121.84,37.32,14,5762,1538,3979,1389,3.6953,192600,0,0,1,0
4116,-118.42,34.14,27,3990,892,1417,800,4.0439,500001,0,0,1,0
2878,-118.98,35.38,39,1497,383,1182,355,1.0648,50000,0,0,0,1
763,-122.08,37.65,35,1813,393,1093,374,3.6818,165400,1,0,0,0
4069,-118.48,34.15,31,2536,429,990,424,5.4591,495500,0,0,1,0
4578,-118.28,34.07,14,1924,926,2226,792,2.2552,265900,0,0,1,0
18234,-122.09,37.4,26,3218,1021,2087,964,3.2875,182700,1,0,0,0
15022,-117.03,32.79,17,7352,1699,3331,1634,2.7006,166300,0,0,1,0
14681,-117.1,32.83,16,4214,744,1820,699,4.3783,179500,0,0,1,0
7166,-118.17,34.05,35,1256,294,2990,302,3.1528,121800,0,0,1,0
815,-122.03,37.61,37,1383,259,808,241,4.0125,161400,1,0,0,0
15680,-122.43,37.8,52,1006,251,349,233,3.2235,5e+05,1,0,0,0
17756,-121.81,37.35,28,3477,671,2990,648,4.4671,172600,0,0,1,0
16613,-121.11,35.52,9,6044,1222,2239,972,3.24,264600,0,1,0,0
4024,-118.52,34.18,46,2082,438,1047,393,3.6534,216000,0,0,1,0
6076,-117.87,34.08,33,4518,716,2037,764,5.6015,267200,0,0,1,0
14221,-117.06,32.66,33,3425,511,1528,479,5.6889,234600,0,1,0,0
2434,-119.63,36.6,33,1589,294,1102,307,1.9676,62400,0,0,0,1
12755,-121.37,38.61,39,823,146,329,144,3.0833,114100,0,0,0,1
9240,-119.85,36.97,13,2872,477,1607,481,4.475,102400,0,0,0,1
2699,-115.38,32.82,38,1892,394,1175,374,1.9939,65800,0,0,0,1
16395,-121.25,38.03,29,2465,327,859,315,6.6605,220700,0,0,0,1
11332,-117.94,33.75,30,5268,1093,4480,1050,4.015,186700,0,0,1,0
9395,-122.52,37.91,30,4174,739,1818,705,5.5951,402900,1,0,0,0
18960,-122.04,38.25,37,1176,291,648,271,2.7167,92200,0,0,0,1
8571,-118.4,33.9,34,2674,435,1087,431,7.3151,492200,0,0,1,0
2473,-119.86,36.45,19,2439,462,1416,469,2.4474,75600,0,0,0,1
17386,-120.47,34.98,6,5762,1115,2551,919,3.0723,137300,0,0,1,0
12428,-116.21,33.66,19,1596,295,1201,282,3.8846,100900,0,0,0,1
18655,-121.96,36.98,16,4907,1117,2265,1048,2.6757,229200,0,1,0,0
6692,-118.08,34.13,46,1238,147,377,145,8.4546,500001,0,0,0,1
3214,-119.65,36.34,47,1869,357,832,315,3.0846,76100,0,0,0,1
1973,-120.54,38.75,9,3006,540,1102,418,3.9812,136600,0,0,0,1
10908,-117.85,33.75,27,2311,632,2936,609,2.5651,171400,0,0,1,0
10315,-117.82,33.85,21,2603,404,1350,390,6.057,235900,0,0,1,0
20016,-119.08,36.09,25,1880,339,1003,315,2.7298,103400,0,0,0,1
1040,-120.97,38.42,16,1748,322,4930,287,4.3029,121900,0,0,0,1
19628,-121.03,37.32,42,2905,561,1457,551,2.2566,82100,0,0,0,1
12146,-117.21,33.71,16,8476,1758,2711,1427,2.1848,97900,0,0,1,0
3230,-119.64,36.31,27,1513,314,1071,284,1.5909,50100,0,0,0,1
3886,-118.52,34.21,34,1663,299,762,282,5.1265,211000,0,0,1,0
2460,-119.73,36.52,20,1741,331,1466,289,2.5921,94200,0,0,0,1
19864,-119.32,36.36,18,2060,383,1348,397,3.4312,68400,0,0,0,1
18512,-122,36.98,43,1636,324,792,325,3.5562,239200,0,1,0,0
5195,-118.26,33.92,40,1076,244,705,255,1.7986,98900,0,0,1,0
19794,-123.13,40.85,18,1650,377,675,282,1.8933,84700,0,0,0,1
5468,-118.47,33.99,52,1523,447,636,408,3.0682,412500,0,0,1,0
16160,-122.49,37.78,52,2050,439,1109,437,2.6719,318500,1,0,0,0
15710,-122.43,37.79,25,1637,394,649,379,5.0049,460000,1,0,0,0
9380,-122.48,37.93,16,2947,802,1385,743,3.6731,318000,1,0,0,0
14277,-117.13,32.7,38,1445,392,1286,357,1.4632,80200,0,1,0,0
4520,-118.2,34.04,44,1582,544,1998,515,1.6888,125000,0,0,1,0
550,-122.25,37.77,52,2156,458,872,445,3.2685,254200,1,0,0,0
14075,-117.12,32.76,27,1426,364,792,353,2.0673,118800,0,1,0,0
4057,-118.44,34.15,44,1778,251,641,251,10.0549,500001,0,0,1,0
5278,-118.51,34.04,38,4715,691,1660,637,10.1882,500001,0,0,1,0
16472,-121.25,38.13,25,1305,270,789,235,3.2993,91100,0,0,0,1
4543,-118.2,34.03,52,583,157,730,174,1.4115,140600,0,0,1,0
17343,-120.4,34.85,26,2384,385,1323,400,4.8185,157900,0,0,1,0
14138,-117.05,32.74,34,2178,455,1193,446,3.1719,115300,0,1,0,0
15899,-122.39,37.72,52,135,34,93,26,2.1484,181300,1,0,0,0
15753,-122.44,37.77,52,3475,807,1518,777,3.6186,500001,1,0,0,0
4860,-118.3,34.02,34,3184,772,2474,705,1.631,137500,0,0,1,0
9245,-120.05,36.98,16,3705,739,2463,697,2.5288,61800,0,0,0,1
13556,-117.3,34.1,44,589,130,504,137,1.775,63400,0,0,0,1
18366,-122.12,37.28,21,349,64,149,56,5.8691,360000,0,0,1,0
6969,-118.05,33.98,41,1406,428,1174,390,2.0147,137500,0,0,1,0
1134,-121.62,39.75,20,1173,261,523,258,1.0625,92800,0,0,0,1
124,-122.24,37.84,52,3529,574,1177,555,5.1773,389500,1,0,0,0
5178,-118.25,33.95,35,1405,326,1086,273,1.0375,89800,0,0,1,0
5931,-117.79,34.11,18,3814,721,1881,692,4.4722,215600,0,0,0,1
1900,-120.01,38.89,24,1669,422,589,281,3.0089,100800,0,0,0,1
19455,-120.96,37.66,16,4961,902,2654,804,4.2823,138300,0,0,0,1
2266,-119.82,36.78,36,1582,313,761,318,2.6055,69200,0,0,0,1
13550,-117.31,34.13,36,1076,283,773,224,2.6307,66400,0,0,0,1
5126,-118.27,33.98,30,1966,584,2028,535,1.625,101500,0,0,1,0
4734,-118.36,34.05,50,3518,812,1724,758,3.0833,338100,0,0,1,0
8836,-118.37,34.09,24,630,172,257,147,5.5224,4e+05,0,0,1,0
14184,-117.07,32.71,39,2754,652,2263,619,2.2454,89600,0,1,0,0
13621,-117.25,34.12,17,3107,752,2160,643,1.8463,72600,0,0,0,1
11169,-117.99,33.82,33,2342,475,1367,509,4.1167,215500,0,0,1,0
9003,-118.34,33.99,48,1172,205,497,190,3.825,183000,0,0,1,0
5737,-118.23,34.15,40,2124,370,998,372,5.3369,370400,0,0,1,0
4989,-118.31,34,52,2709,642,1751,613,2.1116,122500,0,0,1,0
5940,-117.9,34.14,35,2259,505,1561,509,3.3043,155500,0,0,1,0
10523,-117.7,33.54,4,4956,693,1802,625,7.9338,354700,0,0,1,0
3288,-122.69,39.04,9,254,50,66,29,2.7639,112500,0,0,0,1
14832,-117.09,32.68,30,2662,653,1997,605,2.8089,120600,0,1,0,0
10063,-120.99,39.26,16,2616,422,1090,425,3.7917,179200,0,0,0,1
14123,-117.1,32.74,30,1772,500,1389,447,2.3641,94100,0,1,0,0
16393,-121.23,38.04,32,1829,262,677,243,6.1805,247900,0,0,0,1
9303,-122.55,38.02,27,4985,711,1928,742,6.4978,361500,1,0,0,0
273,-122.19,37.78,52,1070,193,555,190,3.7262,166900,1,0,0,0
19295,-122.84,38.4,15,3080,617,1446,599,3.6696,194400,0,0,1,0
10648,-117.8,33.53,41,2017,489,783,403,4.1591,500001,0,0,1,0
16953,-122.33,37.53,25,1729,383,769,352,4.0417,458500,0,1,0,0
2474,-119.86,36.43,34,1175,251,683,261,1.7176,58400,0,0,0,1
14208,-117.03,32.7,19,2304,572,2010,556,2.2866,109900,0,1,0,0
12347,-116.52,33.82,21,10227,2315,3623,1734,2.5212,145200,0,0,0,1
6147,-117.95,34.11,29,1986,448,2013,432,3.1034,140800,0,0,0,1
13599,-117.3,34.07,34,567,143,387,138,1.7981,73300,0,0,0,1
19188,-122.66,38.45,26,2081,339,906,323,4.4375,293500,0,0,1,0
7906,-118.1,33.88,18,8046,1221,4276,1228,6.5515,319600,0,0,1,0
15440,-117.23,33.2,21,2284,360,999,356,4.8929,212500,0,0,1,0
143,-122.2,37.81,45,2964,436,1067,426,6.7851,323500,1,0,0,0
9081,-118.19,34.77,16,2035,370,704,330,2.1979,146400,0,0,0,1
16915,-122.36,37.54,23,6184,747,2165,700,10.1675,500001,0,1,0,0
825,-122.08,37.63,34,1619,293,1148,310,4.0326,164700,1,0,0,0
19164,-122.67,38.33,4,8072,1606,4323,1475,3.9518,220300,0,0,1,0
6956,-118.06,33.98,42,1342,243,615,208,5.4381,186900,0,0,1,0
8994,-118.35,33.99,48,2741,439,1115,459,5.0514,269100,0,0,1,0
14365,-117.23,32.73,44,1168,263,509,256,2.7273,269700,0,1,0,0
17554,-121.88,37.33,41,395,164,549,184,2.375,175000,0,0,1,0
8722,-118.36,33.83,36,1660,300,943,300,5.1984,353600,0,0,1,0
10887,-117.91,33.71,16,3113,783,1719,715,3.6505,145700,0,0,1,0
14189,-117.06,32.71,11,2397,523,1566,514,3.8687,145200,0,1,0,0
12292,-116.97,33.93,29,2793,722,1583,626,1.424,73200,0,0,0,1
1960,-120.78,38.72,19,4414,767,1865,699,3.6406,150900,0,0,0,1
10012,-121.1,39.15,10,680,143,354,140,4.0333,161500,0,0,0,1
6867,-118.12,34.06,25,1137,293,800,281,2.4286,233300,0,0,1,0
5751,-118.28,34.17,52,2332,433,1135,440,5.5658,331200,0,0,1,0
2401,-119.25,36.71,13,2813,579,1385,512,2.2202,1e+05,0,0,0,1
16743,-122.45,37.7,46,2193,499,1814,489,4.0125,230100,0,1,0,0
4679,-118.34,34.08,52,1721,195,688,196,15.0001,500001,0,0,1,0
10439,-117.62,33.42,27,1444,412,597,311,3.1395,310000,0,1,0,0
10081,-120.24,39.35,8,4195,725,291,115,3.4792,180800,0,0,0,1
3105,-117.67,35.63,32,3661,787,1613,706,3.0687,63500,0,0,0,1
8587,-118.39,33.9,7,4314,725,1699,718,8.2037,500001,0,0,1,0
17499,-119.79,34.44,25,1479,314,977,309,4.1797,271800,0,1,0,0
14507,-117.22,32.87,5,3511,1008,1599,918,3.8542,176600,0,1,0,0
5397,-118.37,34.04,43,1465,278,727,290,4.0781,289400,0,0,1,0
6625,-118.14,34.17,52,2667,486,1681,504,4.0524,173100,0,0,1,0
9602,-120.48,37.3,49,2919,719,1956,679,1.5427,88500,0,0,0,1
18830,-123.26,41.86,25,2344,532,1117,424,2.7222,64600,0,0,0,1
19450,-121.03,37.68,20,3204,625,2016,605,2.6567,110400,0,0,0,1
3711,-118.38,34.2,32,993,285,1044,248,2.4306,187500,0,0,1,0
6896,-118.11,34.04,28,3913,696,2264,697,5.2446,258000,0,0,1,0
4249,-118.32,34.14,23,4574,1423,1624,995,4.0965,500001,0,0,1,0
17752,-121.84,37.33,26,1934,408,2059,416,3.6765,163600,0,0,1,0
11033,-117.84,33.78,24,3817,787,1656,713,4.25,248000,0,0,1,0
7475,-118.21,33.93,33,2739,801,3423,741,2.2847,132700,0,0,1,0
4777,-118.33,34.04,33,1806,444,1161,393,2.5927,161500,0,0,1,0
13075,-121.28,38.59,3,4188,1136,2081,995,3.0481,92500,0,0,0,1
4215,-118.27,34.13,47,1375,359,1512,418,2.1071,208900,0,0,1,0
17015,-122.29,37.52,33,4104,751,1837,771,5.3506,388100,0,1,0,0
9064,-118.16,34.68,9,4303,900,2240,861,3.7807,110900,0,0,0,1
1539,-122.02,37.89,29,6349,858,2450,778,7.5,356200,1,0,0,0
17287,-119.72,34.41,26,1648,378,954,405,3.2895,335000,0,1,0,0
2341,-119.67,36.81,4,1262,216,622,199,4.9432,114400,0,0,0,1
14745,-117.06,32.57,16,1269,282,1609,298,2.6985,156500,0,1,0,0
11367,-117.95,33.74,25,1393,243,976,245,5.4485,225200,0,0,1,0
13689,-117.2,34.15,18,1859,251,747,256,7.732,173200,0,0,0,1
12542,-121.49,38.56,52,1777,368,624,350,3.6729,137800,0,0,0,1
4012,-118.59,34.17,36,1887,359,761,329,5.4847,296000,0,0,1,0
13634,-117.34,34.08,35,1380,248,730,264,3.2305,93700,0,0,0,1
1511,-122.03,37.92,23,3318,408,1124,393,6.5847,358800,1,0,0,0
13013,-121.25,38.71,14,3713,637,1845,635,4.3009,143400,0,0,0,1
2796,-118.31,36.94,35,2563,530,861,371,2.325,80600,0,0,0,1
13898,-116.29,34.18,15,4203,966,1756,695,2.182,60800,0,0,0,1
16604,-120.69,35.62,35,3451,713,1550,653,2.9167,161700,0,0,1,0
1883,-119.99,38.94,24,1216,289,421,185,3.1625,103600,0,0,0,1
12949,-121.28,38.63,36,120,16,30,14,10.2264,350000,0,0,0,1
3375,-118.3,34.26,42,2186,423,1145,439,4.81,191900,0,0,1,0
822,-122.06,37.63,12,6711,1374,3388,1289,3.8625,208900,1,0,0,0
3822,-118.48,34.19,20,5699,1594,3809,1381,2.8646,221100,0,0,1,0
17051,-122.28,37.47,44,863,114,281,99,6.8879,500001,0,1,0,0
4915,-118.27,34,46,1748,428,1707,409,2.148,103800,0,0,1,0
8115,-118.19,33.8,41,2125,591,1604,555,2.9943,190600,0,1,0,0
20056,-119.12,35.85,37,736,166,564,138,2.4167,58300,0,0,0,1
15620,-122.42,37.8,50,2494,731,958,712,3.2356,500001,1,0,0,0
19513,-121.02,37.61,33,1469,370,1318,349,1.7104,59000,0,0,0,1
4282,-118.32,34.09,27,210,98,332,112,2.5556,175000,0,0,1,0
10325,-117.77,33.8,16,3973,483,1373,452,9.8074,417000,0,0,1,0
3380,-118.27,34.25,37,2489,454,1215,431,5.0234,257600,0,0,1,0
7555,-118.19,33.91,43,1531,357,1509,376,2.6354,128100,0,0,1,0
491,-122.25,37.86,52,1389,191,514,202,7.0897,446200,1,0,0,0
20014,-119.01,36.02,17,3915,742,1768,688,2.375,79800,0,0,0,1
3535,-118.55,34.26,21,4018,536,1508,529,8.203,445400,0,0,1,0
3202,-119.66,36.35,15,1724,374,947,391,3.1094,91900,0,0,0,1
16428,-121.36,38.15,42,2051,334,878,318,4.3553,185700,0,0,0,1
6842,-118.12,34.06,23,1190,347,965,327,2.2261,211800,0,0,1,0
2370,-119.57,36.71,10,1657,359,958,380,2.6458,84800,0,0,0,1
17476,-119.89,34.44,25,3160,507,1514,523,5.0767,271200,0,1,0,0
627,-122.18,37.7,36,2639,533,1209,519,4.0268,205500,1,0,0,0
18299,-122.12,37.4,32,3514,473,1583,480,10.3894,500001,1,0,0,0
3978,-118.62,34.19,35,1934,307,905,315,5.5101,267400,0,0,1,0
11760,-121.24,38.72,12,3605,576,1556,549,4.9,203700,0,0,0,1
1006,-121.76,37.7,9,3980,736,1705,679,5.7068,256700,0,0,0,1
9311,-122.53,37.98,32,2390,336,810,354,8.5759,500001,1,0,0,0
3422,-118.42,34.28,34,1999,427,2391,439,2.8,144300,0,0,1,0
16554,-121.24,37.82,9,6169,959,3378,945,5.1047,157900,0,0,0,1
10983,-117.83,33.75,22,6433,1174,2703,1125,4.9957,296400,0,0,1,0
11511,-118.1,33.74,31,1310,342,563,310,4.6528,457100,0,1,0,0
1745,-122.35,37.96,35,1326,346,1023,295,2.0724,97700,1,0,0,0
7376,-118.22,33.97,47,1058,295,1097,274,2.881,183300,0,0,1,0
9313,-122.51,37.99,32,4138,632,1541,626,5.5791,433300,1,0,0,0
2107,-119.74,36.75,47,2236,418,1042,397,2.9545,59600,0,0,0,1
12392,-116.41,33.74,25,2475,476,910,387,3.3639,168800,0,0,0,1
11667,-118.01,33.85,29,2064,447,1265,400,3.8864,209300,0,0,1,0
8045,-118.16,33.84,36,2220,367,1002,351,5.0719,219500,0,0,1,0
2414,-119.44,36.61,17,1531,280,775,246,3.9073,91600,0,0,0,1
1095,-121.97,39.79,16,1453,299,904,286,3.5735,89600,0,0,0,1
5375,-118.38,34.04,39,2614,569,1665,553,3.4063,271600,0,0,1,0
10876,-117.89,33.72,23,2305,538,2493,502,3.6618,183500,0,0,1,0
3184,-119.77,36.3,24,2202,471,1052,439,2.1038,62000,0,0,0,1
7607,-118.25,33.89,36,1527,309,1154,279,3.3095,105500,0,0,1,0
19203,-122.71,38.43,38,1689,526,1071,529,1.5026,124000,0,0,1,0
18494,-121.59,37.02,14,6355,1279,3704,1224,4.4233,228600,0,0,0,1
1081,-121.84,39.73,52,677,152,379,154,1.6797,94800,0,0,0,1
7738,-118.14,33.94,31,2841,774,1612,708,2.9205,196600,0,0,1,0
7106,-118,33.9,35,1942,332,1127,325,4.5144,206300,0,0,1,0
15885,-122.4,37.73,45,3490,712,2337,781,3.4472,225400,1,0,0,0
19169,-122.71,38.4,17,1690,464,833,445,1.439,140600,0,0,1,0
12131,-117.23,33.94,8,2405,537,1594,517,3.0789,114200,0,0,0,1
1661,-121.94,37.94,26,1299,174,533,180,6.2296,291700,0,0,0,1
13400,-117.42,34.13,4,11587,1796,5804,1705,4.8283,141900,0,0,0,1
3195,-119.7,36.32,40,1178,244,586,187,2.6477,43500,0,0,0,1
10473,-117.73,33.49,17,2168,290,654,279,9.8321,500001,0,0,1,0
10139,-117.9,33.91,36,1376,257,687,221,3.5403,195400,0,0,1,0
13335,-117.67,34.05,6,2833,628,1717,589,3.2062,167500,0,0,0,1
12653,-121.45,38.51,29,4221,901,2294,850,2.2245,75900,0,0,0,1
4766,-118.35,34.04,38,1626,375,1019,372,2.3687,146800,0,0,1,0
12954,-121.28,38.7,15,5828,1051,2868,1037,3.7813,143200,0,0,0,1
15323,-117.35,33.2,32,1251,220,700,232,3.9875,142900,0,1,0,0
12427,-116.2,33.63,23,1152,273,1077,235,2.5,96300,0,0,0,1
1846,-122.28,37.9,49,3191,516,1148,507,6.3538,333700,1,0,0,0
6639,-118.14,34.15,52,407,160,227,148,1.5156,187500,0,0,1,0
17435,-120.46,34.63,48,1408,301,682,279,2.9271,146600,0,1,0,0
9807,-121.95,36.61,31,1736,250,497,170,6.3835,407800,0,1,0,0
11684,-117.99,33.86,20,3540,906,2898,876,3.0252,178000,0,0,1,0
19894,-119.2,36.3,19,1427,311,1026,293,2.625,57000,0,0,0,1
12263,-116.95,33.78,24,3409,804,1939,739,1.7303,74000,0,0,0,1
13210,-117.72,34.05,8,1841,409,1243,394,4.0614,107000,0,0,0,1
13498,-117.33,34.15,28,1473,333,1196,312,1.6993,67800,0,0,0,1
14965,-116.99,32.76,21,3833,595,1645,589,4.625,273500,0,0,1,0
13004,-121.27,38.67,15,2116,524,866,519,2.7388,111600,0,0,0,1
10083,-120.22,39.35,8,1872,281,203,71,4.5882,198400,0,0,0,1
16425,-121.38,37.88,44,1158,226,1094,224,2.6842,156300,0,0,0,1
9211,-119.67,37.27,13,5087,981,2284,913,2.7413,123100,0,0,0,1
17939,-121.94,37.34,29,3377,853,1674,792,3.4233,229300,0,0,1,0
10457,-117.64,33.49,3,2516,429,781,337,5.6197,271600,0,0,1,0
20144,-119.06,34.35,34,2426,646,2116,631,2.0682,158300,0,0,1,0
5738,-118.24,34.16,40,2549,591,1156,546,3.3333,374300,0,0,1,0
532,-122.26,37.78,52,1045,239,496,216,2.9213,190800,1,0,0,0
4849,-118.31,34.02,45,1423,278,822,276,2.4519,98100,0,0,1,0
17798,-121.82,37.38,32,3747,665,1687,649,5.4949,330800,0,0,1,0
16473,-121.26,38.11,4,2058,366,933,316,4.2448,150900,0,0,0,1
1956,-120.76,38.76,21,3509,606,1576,564,2.6392,148500,0,0,0,1
3239,-119.56,36.1,25,1093,262,893,252,2.13,50800,0,0,0,1
10155,-117.9,33.88,28,2696,346,947,356,9.0055,375400,0,0,1,0
15228,-117.24,33.05,11,5827,882,2588,842,6.4027,344200,0,1,0,0
8197,-118.13,33.79,20,6678,1797,3625,1599,3.7716,242900,0,1,0,0
2092,-119.78,36.75,49,1175,307,982,278,1.2937,52000,0,0,0,1
16246,-121.26,37.98,32,3274,820,2050,738,2.1265,55700,0,0,0,1
1627,-122.16,37.86,36,3359,493,1298,483,8.1586,404300,1,0,0,0
5912,-118.43,34.28,27,862,280,1243,267,2.3724,154200,0,0,1,0
2161,-119.81,36.77,43,2341,395,890,375,3.4265,85000,0,0,0,1
8860,-118.4,34.07,22,2170,593,850,520,2.9107,500001,0,0,1,0
10181,-117.96,33.87,35,1972,367,1152,356,3.7222,187500,0,0,1,0
1624,-122.14,37.85,27,9147,1276,3371,1269,7.3267,389900,1,0,0,0
208,-122.22,37.79,37,2343,574,1608,523,2.1494,132500,1,0,0,0
2188,-120.04,36.74,14,3182,730,2298,721,1.6168,71800,0,0,0,1
5238,-118.24,33.94,30,940,211,1071,204,1.2679,92000,0,0,1,0
14694,-117.11,32.79,16,1791,518,1006,491,3.5179,129300,0,1,0,0
7812,-118.1,33.89,36,769,142,498,137,4.7159,182100,0,0,1,0
10530,-117.71,33.58,2,2530,562,1066,510,4.6336,187500,0,0,1,0
19922,-119.34,36.32,14,1204,227,633,247,3.925,83800,0,0,0,1
1907,-120.02,38.76,15,3142,618,725,285,4.3333,121400,0,0,0,1
772,-122.11,37.66,29,2544,643,2332,603,3.2091,150000,1,0,0,0
15772,-122.44,37.77,52,3225,667,1494,619,4.4875,500001,1,0,0,0
11418,-117.96,33.7,23,4417,740,1865,693,5.3428,279300,0,0,1,0
13090,-121.35,38.55,22,2607,411,1216,407,5.0427,126900,0,0,0,1
1144,-121.5,39.83,15,1896,408,893,334,1.6948,87500,0,0,0,1
7281,-118.25,33.98,40,1867,633,2223,609,1.7207,105100,0,0,1,0
10607,-117.81,33.68,8,1964,413,913,406,5.1583,192200,0,0,1,0
4263,-118.33,34.1,30,5293,2446,4123,2127,1.51,187500,0,0,1,0
16018,-122.46,37.72,52,2951,406,1115,397,6.7228,405200,0,1,0,0
15143,-116.89,32.82,18,2515,443,1442,449,5.0201,154400,0,0,1,0
8209,-118.17,33.79,32,2171,672,3002,648,2.375,139700,0,1,0,0
16686,-120.6,35.12,22,3342,644,1342,593,3.4509,217700,0,0,1,0
3237,-119.58,36.1,21,1382,327,1469,355,1.3967,46500,0,0,0,1
4637,-118.29,34.06,42,3894,2293,6846,2156,1.5553,70000,0,0,1,0
9541,-120.69,37.4,46,860,130,496,147,3.5167,137500,0,0,0,1
19090,-122.61,38.24,25,2990,450,1335,434,4.7,190100,0,0,1,0
5528,-118.41,33.97,44,2298,388,849,360,5.5941,363500,0,0,1,0
18033,-121.94,37.24,19,1741,294,632,279,5.5944,290500,0,0,1,0
12733,-121.36,38.58,25,3196,406,978,419,8.4699,344000,0,0,0,1
5390,-118.4,34.03,13,6152,1978,3397,1845,3.4058,275000,0,0,1,0
3117,-117.76,35.63,12,2014,372,1027,356,3.9261,101300,0,0,0,1
11884,-117.38,33.97,29,1157,297,2027,253,1.6389,155000,0,0,0,1
6377,-118.03,34.15,43,1694,283,674,267,4.1797,486800,0,0,0,1
920,-121.96,37.51,22,5811,1125,3215,1086,4.4107,223500,0,0,1,0
10232,-117.93,33.86,35,931,181,516,174,5.5867,182500,0,0,1,0
15413,-117.25,33.25,6,6160,993,2997,1029,4.6187,205000,0,0,1,0
1092,-121.81,39.71,18,1222,250,708,281,2.0288,116700,0,0,0,1
10569,-117.69,33.66,11,2630,327,1256,352,8.2953,350500,0,0,1,0
8228,-118.2,33.78,52,2662,893,3018,763,2.3305,162500,0,1,0,0
19619,-121.14,37.52,37,1358,231,586,214,3.1645,170800,0,0,0,1
5211,-118.28,33.92,39,1274,282,975,277,1.5114,90400,0,0,1,0
8244,-118.18,33.78,17,1419,436,1300,360,2.0769,1e+05,0,1,0,0
17886,-121.97,37.4,17,2937,558,1662,533,5.8792,255500,0,0,1,0
17618,-121.94,37.28,18,4356,1334,1968,1245,3.6294,240000,0,0,1,0
19192,-122.7,38.45,47,904,154,310,144,3.9766,190600,0,0,1,0
11232,-117.95,33.82,35,1117,181,496,168,4.3269,224700,0,0,1,0
12858,-121.38,38.67,37,2176,460,1067,357,2.3958,78400,0,0,0,1
18706,-122.38,40.54,36,1216,240,647,228,2.6944,75300,0,0,0,1
5898,-118.32,34.16,46,2345,453,1031,427,4.3173,278300,0,0,1,0
17884,-122,37.39,33,2154,405,1655,434,5.7962,229800,0,0,1,0
8536,-118.35,33.9,22,1127,287,697,241,3.3971,220300,0,0,1,0
14842,-117.07,32.69,29,1429,293,1091,317,3.4609,118000,0,1,0,0
11397,-117.97,33.73,19,4154,560,2130,589,7.2845,301800,0,0,1,0
6864,-118.13,34.05,35,3229,616,1879,595,3.9531,268400,0,0,1,0
4924,-118.25,34,34,1905,552,2194,521,1.4792,95800,0,0,1,0
7616,-118.23,33.89,36,2598,514,1872,514,3.1667,117700,0,0,1,0
4560,-118.26,34.05,52,58,52,41,27,4.0972,500001,0,0,1,0
15599,-116.35,32.74,16,2595,606,1046,367,1.7137,110700,0,0,0,1
16257,-121.26,37.97,31,1189,295,891,292,2.5536,50500,0,0,0,1
363,-122.12,37.75,28,794,111,329,109,7.6923,329800,1,0,0,0
2111,-119.75,36.75,49,2331,460,1290,477,2.5111,55400,0,0,0,1
13204,-117.68,34.05,25,1859,463,1070,374,2.5395,187500,0,0,0,1
15833,-122.43,37.75,52,2285,509,839,456,4.7946,355600,1,0,0,0
13158,-121.41,36.85,11,1708,394,1474,372,2.8839,145900,0,0,0,1
15416,-117.27,33.22,16,1420,311,470,313,1.8849,90800,0,0,1,0
4704,-118.34,34.06,52,1314,170,629,214,7.1669,500001,0,0,1,0
5298,-118.44,34.07,21,730,263,965,224,2.0511,350000,0,0,1,0
11426,-117.99,33.7,25,2017,357,1063,369,4.0345,229400,0,0,1,0
9890,-122.3,38.3,52,1128,207,450,197,3.3542,154600,1,0,0,0
8876,-118.49,34.05,52,2416,291,810,270,13.8556,500001,0,0,1,0
3421,-118.42,34.28,35,822,200,1197,203,3.2865,133300,0,0,1,0
14530,-117.14,32.92,15,3242,595,1936,593,4.9706,184700,0,0,1,0
3989,-118.65,34.18,27,1793,339,1016,326,4.925,240300,0,0,1,0
13373,-117.51,34.14,21,2455,381,1094,327,4.6437,191700,0,0,0,1
1738,-122.33,37.97,19,5151,1335,2548,1165,3.3125,158800,1,0,0,0
16143,-122.46,37.77,52,3193,688,2099,681,3.9375,402900,1,0,0,0
13201,-117.7,34.06,25,2054,609,2271,564,2.3049,150000,0,0,0,1
2027,-119.76,36.71,29,1745,441,1530,391,1.5611,44400,0,0,0,1
12237,-116.95,33.74,18,1996,405,1270,400,2.7083,91200,0,0,0,1
458,-122.25,37.87,42,1756,465,2184,422,2.5562,371400,1,0,0,0
1571,-122.02,37.84,34,1879,265,729,263,7.7072,443800,1,0,0,0
6244,-117.98,34.05,35,2342,426,2176,416,3.7454,156900,0,0,1,0
17720,-121.77,37.33,9,3160,468,1675,470,7.5443,348400,0,0,1,0
17003,-122.25,37.56,19,7976,1406,3437,1338,5.6396,430300,1,0,0,0
2686,-115.54,32.97,41,2429,454,1188,430,3.0091,70800,0,0,0,1
7230,-118.16,34.02,44,1218,374,1175,342,1.9688,173900,0,0,1,0
19076,-122.48,38.3,17,2703,550,1241,515,2.652,171300,0,0,1,0
1800,-122.37,37.93,37,709,190,644,174,0.8641,84200,1,0,0,0
6861,-118.15,34.05,33,3287,649,1783,653,3.8472,293300,0,0,1,0
18767,-122.26,40.58,14,2539,466,1271,438,3.9762,138500,0,0,0,1
12987,-121.3,38.67,23,2145,340,1022,349,4.2037,125400,0,0,0,1
5067,-118.3,33.99,44,1458,326,1159,283,1.1645,98200,0,0,1,0
4818,-118.29,34.04,48,1353,488,1945,487,2.4359,123700,0,0,1,0
7921,-118.07,33.86,28,1789,352,1347,330,3.425,189700,0,0,1,0
4197,-118.23,34.11,35,4148,971,3220,892,3.3389,187100,0,0,1,0
15882,-122.41,37.75,9,1282,334,1176,305,2.6538,206300,1,0,0,0
710,-122.06,37.68,30,5367,1207,2667,1047,3.1796,170300,1,0,0,0
3626,-118.43,34.24,35,1416,261,995,272,3.7143,178700,0,0,1,0
2093,-119.78,36.75,43,2070,512,1925,444,1.4635,46600,0,0,0,1
1416,-122.09,37.94,29,6895,1022,2634,1022,6.1922,273200,1,0,0,0
1789,-122.36,37.94,43,369,107,371,111,1.6,79400,1,0,0,0
13306,-117.62,34.09,26,3271,595,2259,566,4.0139,132000,0,0,0,1
12758,-121.39,38.63,34,1226,180,359,167,3.8068,150400,0,0,0,1
16146,-122.47,37.78,52,2169,522,1220,505,3.1989,446900,1,0,0,0
19591,-120.85,37.57,27,819,157,451,150,3.4934,193800,0,0,0,1
2295,-119.74,36.8,18,10862,2401,5466,2209,2.4678,74300,0,0,0,1
6777,-118.15,34.12,49,1789,288,848,311,6.0199,5e+05,0,0,1,0
1140,-121.57,39.74,17,1619,292,705,285,2.4623,126100,0,0,0,1
19781,-122.68,41.15,32,817,206,224,89,3.631,90400,0,0,0,1
2901,-119.01,35.37,44,593,136,364,121,1.4779,66000,0,0,0,1
11064,-117.86,33.79,42,1024,191,483,187,4.105,194500,0,0,1,0
15219,-117.12,32.96,15,2869,405,1526,402,6.0175,238300,0,0,1,0
15901,-122.41,37.74,38,1754,382,928,354,4.1417,270800,1,0,0,0
19876,-119.29,36.33,19,792,232,641,222,0.7445,112500,0,0,0,1
9576,-120.58,37.36,33,3564,716,2603,696,2.2179,67500,0,0,0,1
5150,-118.27,33.96,38,1126,270,999,265,0.5495,91700,0,0,1,0
16742,-122.44,37.7,6,3523,664,1705,608,4.9318,258100,0,1,0,0
8698,-118.34,33.87,28,2948,566,1445,524,5.3743,286500,0,0,1,0
20637,-121.21,39.49,18,697,150,356,114,2.5568,77100,0,0,0,1
5793,-118.24,34.14,20,3196,994,2929,983,3.0206,219500,0,0,1,0
11244,-118,33.81,33,2970,547,1869,539,4.3636,201800,0,0,1,0
10472,-117.72,33.49,4,3623,734,1129,530,5.7281,500001,0,0,1,0
1622,-122.08,37.82,4,2045,237,830,252,11.3421,500001,1,0,0,0
10828,-117.92,33.68,28,3397,597,1397,560,4.8125,244600,0,0,1,0
17791,-121.82,37.37,41,1558,281,970,304,4.4167,215200,0,0,1,0
1312,-121.84,37.99,15,2380,385,1292,388,4.6029,142600,0,0,0,1
18124,-122,37.31,33,4211,918,2389,861,4.7235,242200,0,0,1,0
1935,-121.02,38.66,4,7392,1155,3096,1065,4.5246,198900,0,0,0,1
2141,-119.75,36.77,32,1962,399,1005,392,2.6726,70400,0,0,0,1
4863,-118.27,34.03,50,395,232,948,243,1.7546,175000,0,0,1,0
19425,-121.02,37.71,25,207,41,87,43,3.6023,131300,0,0,0,1
16113,-122.5,37.74,44,2527,518,1434,444,3.875,275700,0,1,0,0
3174,-119.69,36.38,25,1688,302,879,277,3.3214,103100,0,0,0,1
12322,-116.61,33.93,35,321,71,157,61,2.8056,68100,0,0,0,1
18508,-122.01,36.99,29,227,45,112,41,6.4469,271400,0,1,0,0
12337,-116.63,33.89,22,1540,364,610,268,1.5227,71000,0,0,0,1
15304,-117.36,33.17,24,2046,442,812,367,2.3182,500001,0,1,0,0
17941,-121.94,37.33,36,1893,359,797,360,3.6818,257600,0,0,1,0
15065,-116.96,32.79,35,1081,266,691,259,2.6324,133700,0,0,1,0
3496,-118.47,34.27,35,1150,185,741,178,5.741,220600,0,0,1,0
19094,-122.61,38.25,18,2915,418,1340,421,5.2452,204900,0,0,1,0
5324,-118.44,34.05,20,5943,1538,2492,1429,4.1141,305000,0,0,1,0
8352,-118.32,33.95,43,3819,708,1505,712,3.1719,183500,0,0,1,0
3823,-118.48,34.19,36,2058,423,1132,423,3.8833,210400,0,0,1,0
19728,-121.47,38.95,34,2129,350,969,314,2.7039,106300,0,0,0,1
12963,-121.31,38.72,11,2306,420,1308,418,3.9506,122200,0,0,0,1
4001,-118.63,34.18,33,5252,760,2041,730,6.7977,389700,0,0,1,0
12767,-121.42,38.62,33,3171,832,1591,695,2.0786,88600,0,0,0,1
16839,-122.48,37.57,34,4648,806,2282,814,4.5556,249000,0,1,0,0
17401,-120.44,34.93,15,868,244,1133,253,2.0995,87500,0,0,1,0
10810,-117.94,33.64,18,1867,426,871,399,2.6221,272000,0,0,1,0
19985,-119.33,36.19,27,418,163,332,141,1.0714,63800,0,0,0,1
3745,-118.4,34.16,35,1354,284,501,262,3.8056,384700,0,0,1,0
16888,-122.39,37.57,35,520,83,185,76,6.4865,450000,0,1,0,0
15900,-122.41,37.75,52,3065,622,1405,606,3.7813,275900,1,0,0,0
13980,-116.76,34.14,4,42,10,9,3,0.536,42500,0,0,0,1
11673,-118.02,33.84,35,3473,563,2091,580,4.4821,214100,0,0,1,0
20497,-118.7,34.28,27,3536,646,1837,580,4.4964,238300,0,0,1,0
18027,-121.92,37.25,34,2231,360,1035,365,4.7917,243200,0,0,1,0
9133,-118.01,34.55,2,2701,530,1368,430,4.071,137400,0,0,0,1
13385,-117.6,34.11,18,6025,1062,3360,1028,4.8889,155700,0,0,0,1
15580,-116.86,33.05,17,9044,1689,5030,1596,3.6348,164500,0,0,1,0
8700,-118.35,33.87,34,2823,500,1429,483,5.5,279600,0,0,1,0
12903,-121.34,38.62,20,4021,864,1658,730,2.4537,153000,0,0,0,1
13254,-117.68,34.11,16,3190,471,1414,464,5.5292,208600,0,0,0,1
5198,-118.27,33.94,30,1764,397,1406,362,1.449,93100,0,0,1,0
8315,-118.32,33.35,27,1675,521,744,331,2.1579,450000,0,0,0,0
126,-122.22,37.85,28,5287,1048,2031,956,5.457,337300,1,0,0,0
1087,-121.85,39.72,18,7272,1559,5022,1524,1.6911,98800,0,0,0,1
9867,-121.83,36.6,30,2748,502,1491,535,4.3472,185000,0,0,1,0
16588,-121.42,37.74,19,1393,367,915,355,1.1957,103100,0,0,0,1
7511,-118.27,33.89,32,1969,397,1349,370,4.4659,138100,0,0,1,0
7854,-118.15,33.89,33,2848,641,2319,647,3.407,190800,0,0,1,0
12357,-116.57,33.76,25,2616,547,581,343,3.1364,301600,0,0,0,1
12663,-121.42,38.5,24,7740,1539,4333,1397,3.025,87900,0,0,0,1
19905,-119.28,36.32,16,2812,514,1620,523,3.7404,89200,0,0,0,1
19384,-120.86,37.77,28,1208,232,535,232,2.3523,94700,0,0,0,1
10298,-117.88,33.92,13,3292,727,1565,698,5.457,308800,0,0,1,0
12594,-121.48,38.53,38,1451,315,786,340,2.3487,101600,0,0,0,1
6165,-117.95,34.08,37,1137,203,672,226,3.2969,189000,0,0,1,0
6656,-118.13,34.16,33,2682,716,2050,692,2.4817,169500,0,0,1,0
14818,-117.19,32.69,35,2921,438,1042,415,6.3612,482700,0,1,0,0
14791,-117.12,32.56,20,2524,682,1819,560,2.9286,257700,0,1,0,0
1618,-122.08,37.84,17,1320,159,1722,141,11.7064,500001,1,0,0,0
556,-122.24,37.77,43,955,284,585,266,2.3882,162500,1,0,0,0
18765,-122.31,40.75,18,1411,330,494,227,1.4911,75800,0,0,0,1
11624,-118.04,33.83,20,1488,312,972,283,4.055,201900,0,0,1,0
2312,-119.75,36.87,3,13802,2244,5226,1972,5.0941,143700,0,0,0,1
6331,-117.94,33.99,18,6100,1018,3112,982,4.9932,284000,0,0,1,0
17766,-121.86,37.35,43,1536,371,1256,357,2.8,153300,0,0,1,0
8762,-118.38,33.82,34,1822,364,750,366,5.9907,500001,0,1,0,0
20379,-118.82,34.15,9,655,110,222,109,7.8528,337500,0,1,0,0
5602,-118.28,33.8,38,1471,329,1207,335,4,165500,0,0,1,0
14618,-117.15,32.8,27,1937,537,1211,482,2.75,87500,0,1,0,0
6511,-118.05,34.07,32,4492,1075,4119,1035,3.2373,183100,0,0,1,0
11775,-121.3,38.74,41,4374,1039,2387,959,2.3611,87900,0,0,0,1
2465,-119.79,36.55,32,1393,276,999,245,2.0216,76800,0,0,0,1
838,-122.06,37.6,22,3009,497,1640,514,4.625,235300,1,0,0,0
9086,-118.17,34.67,5,8352,1555,3723,1389,4.5659,140300,0,0,0,1
365,-122.14,37.75,33,1334,200,579,202,6.8323,255900,1,0,0,0
15739,-122.42,37.78,17,1257,339,1093,384,1.8438,72500,1,0,0,0
19340,-122.79,38.54,5,3986,737,1887,687,3.7768,213800,0,0,1,0
6094,-117.87,34.12,33,2059,361,1073,339,4.2454,183800,0,0,1,0
13896,-116.32,34.14,18,1880,487,994,425,1.69,54200,0,0,0,1
14723,-117.03,32.8,19,3866,775,1554,703,4.3281,220000,0,0,1,0
1217,-120.79,38.24,19,1003,235,538,190,2.9821,90400,0,0,0,1
2453,-119.56,36.51,9,3860,809,2157,770,2.5033,70100,0,0,0,1
1462,-121.99,37.97,30,3320,589,1470,543,4.6071,184100,0,0,0,1
13877,-117.31,34.44,10,1731,299,1056,312,3.6007,104000,0,0,0,1
18337,-122.15,37.44,52,2063,320,774,309,7.2543,500001,1,0,0,0
19483,-120.98,37.66,33,1959,342,984,356,4.5208,114200,0,0,0,1
925,-121.92,37.49,10,7441,1588,3571,1466,5.1643,193100,0,0,1,0
16946,-122.32,37.55,44,2151,411,849,370,4.4583,397100,0,1,0,0
10883,-117.9,33.71,16,1917,317,1324,351,6.2488,252000,0,0,1,0
7514,-118.26,33.9,38,1566,318,981,318,4.0234,111900,0,0,1,0
19297,-122.82,38.4,40,2406,423,1054,426,3.8846,215900,0,0,1,0
5494,-118.46,33.97,19,2461,521,777,447,10,500001,0,0,1,0
16663,-120.69,35.28,26,4225,886,1795,704,2.2847,247000,0,1,0,0
11083,-117.86,33.82,9,1682,291,1015,271,6.6603,230900,0,0,1,0
20203,-119.2,34.26,25,2203,367,1194,377,5.4087,223200,0,1,0,0
16892,-122.37,37.59,52,2272,403,963,376,5.7245,5e+05,0,1,0,0
17344,-120.41,34.86,15,978,187,407,182,4.375,158000,0,0,1,0
5315,-118.42,34.06,40,2933,565,1077,536,6.1527,500001,0,0,1,0
2557,-124.17,40.75,13,2171,339,951,353,4.8516,116100,0,1,0,0
8935,-118.48,34,52,1359,395,521,368,2.6736,500001,0,0,1,0
8428,-118.35,33.92,29,736,232,584,231,3.6167,2e+05,0,0,1,0
16584,-121.45,37.75,15,3846,677,2360,635,4.6173,164800,0,0,0,1
19690,-121.61,39.13,21,1432,328,933,336,1.6823,83800,0,0,0,1
14010,-117.19,32.75,52,1388,213,513,211,6.1309,411600,0,1,0,0
18625,-122.01,37.06,19,4113,767,2006,732,5.1121,308100,0,1,0,0
1730,-122.34,37.98,33,2014,410,1354,427,3.9773,131300,1,0,0,0
1043,-120.88,38.32,18,2791,492,1187,438,3.2589,103000,0,0,0,1
2917,-119.03,35.37,42,2508,483,1035,442,2.6513,72300,0,0,0,1
3660,-118.4,34.21,45,972,181,554,187,4.8194,181300,0,0,1,0
3232,-119.57,36.27,20,2673,452,1394,449,2.625,97400,0,0,0,1
17187,-122.34,37.46,21,1799,293,576,277,7.439,500001,0,1,0,0
16396,-121.22,38,35,1841,300,783,285,2.8167,162100,0,0,0,1
3824,-118.47,34.2,25,4590,1477,2723,1195,2.7118,281700,0,0,1,0
13345,-117.64,34.05,32,1129,251,1378,268,3.0057,96900,0,0,0,1
18872,-122.21,38.09,37,4368,779,2083,741,3.8667,127000,1,0,0,0
6581,-118.19,34.21,41,1602,228,680,225,6.553,500001,0,0,1,0
7135,-118.1,34.01,23,1724,576,1336,542,1.3365,183300,0,0,1,0
2258,-119.84,36.8,19,3244,776,1463,710,2.0469,66900,0,0,0,1
12154,-117.25,33.7,10,5156,941,2294,747,3.58,113400,0,0,1,0
15296,-117.34,33.16,24,1006,277,610,246,2.25,187500,0,1,0,0
18034,-121.94,37.24,26,2561,388,1165,393,7.3522,363800,0,0,1,0
12883,-121.34,38.67,34,1503,264,731,285,4.0352,118500,0,0,0,1
10137,-117.89,33.92,34,1473,312,1025,315,3.8333,170400,0,0,1,0
6988,-118.03,33.97,39,2126,434,1103,433,3.2852,196200,0,0,1,0
4564,-118.26,34.06,40,637,273,1150,263,1.8625,131300,0,0,1,0
14299,-117.13,32.72,17,1285,423,1208,409,1.758,126600,0,1,0,0
1225,-120.57,38.2,13,4110,847,1796,706,2.6417,122300,0,0,0,1
14597,-117.17,32.81,26,2424,388,974,375,4.739,184100,0,1,0,0
16004,-122.45,37.75,35,1363,302,1786,301,3.0804,313400,1,0,0,0
18698,-122.38,40.58,34,1262,267,520,259,1.6983,72600,0,0,0,1
19254,-122.81,38.46,28,3580,611,1634,567,4.745,248600,0,0,1,0
12813,-121.53,38.61,5,8149,1913,2933,1616,3.6788,178800,0,0,0,1
12811,-121.47,38.61,35,1372,360,850,328,1.6331,67500,0,0,0,1
690,-122.12,37.7,41,3495,787,1849,750,2.679,144900,1,0,0,0
9944,-122.25,38.16,17,4459,944,1812,888,2.9375,106700,1,0,0,0
869,-122.06,37.58,15,8112,1376,4576,1348,5.6758,253400,1,0,0,0
18548,-122.02,36.97,44,594,169,325,139,1.1552,250000,0,1,0,0
10151,-117.92,33.89,18,2895,487,1116,429,5.4716,4e+05,0,0,1,0
1433,-122.02,37.99,37,2247,416,1237,397,4.45,161900,1,0,0,0
1126,-121.59,39.75,20,908,206,481,211,2.2,80800,0,0,0,1
17409,-120.54,34.97,23,1353,345,1322,336,1.8185,97800,0,0,1,0
12100,-117.32,33.96,19,3216,666,1363,629,3.7585,144500,0,0,0,1
5540,-118.42,33.96,24,4393,966,1257,579,5.0714,356100,0,0,1,0
1271,-121.7,37.96,33,2396,452,1391,465,3.2813,151400,0,0,0,1
18464,-121.7,37.2,15,531,154,469,155,4.65,385700,0,0,1,0
8445,-118.37,33.91,41,1869,427,1334,435,3.9355,227800,0,0,1,0
5768,-118.29,34.16,35,1257,318,764,319,3.2083,238000,0,0,1,0
4163,-118.19,34.11,38,1158,309,1051,322,2.286,169300,0,0,1,0
6435,-118.01,34.11,32,1978,536,826,470,2.5114,212200,0,0,0,1
18151,-122.04,37.34,23,2590,725,1795,680,3.16,225000,0,0,1,0
10436,-117.62,33.43,23,4052,955,1950,859,4.0647,240600,0,1,0,0
2737,-115.57,32.79,50,1291,277,864,274,1.6667,68100,0,0,0,1
1609,-122.06,37.85,17,7475,1556,2092,1449,3.6437,186500,1,0,0,0
1489,-122.03,37.95,14,3287,793,1601,716,3.1719,220500,1,0,0,0
15252,-117.27,32.98,17,1853,392,351,208,5.2742,230700,0,1,0,0
12719,-121.38,38.6,36,1249,159,362,143,6.8469,446400,0,0,0,1
3714,-118.4,34.2,30,2392,655,1987,609,2.8424,226400,0,0,1,0
2650,-124.1,40.5,42,2380,553,1300,504,1.7574,57500,0,0,1,0
10591,-117.78,33.69,16,4702,806,2529,814,5.1299,238900,0,0,1,0
18300,-122.13,37.4,29,6027,1195,2687,1171,5.1335,461200,1,0,0,0
13085,-121.36,38.57,26,1793,244,653,235,5.6485,129500,0,0,0,1
781,-122.1,37.63,18,9963,2031,5613,1946,3.8171,187200,1,0,0,0
7688,-118.1,33.95,34,3635,781,2171,720,3.7308,196900,0,0,1,0
13294,-117.66,34.08,33,3659,590,1773,615,3.9227,157200,0,0,0,1
4328,-118.33,34.08,52,1777,454,671,439,3.5083,500001,0,0,1,0
1633,-122.17,37.87,38,1261,177,472,183,6.917,438000,1,0,0,0
682,-122.15,37.69,39,1670,308,957,335,5.1312,183600,1,0,0,0
10695,-117.74,33.62,16,1889,590,686,537,3.4706,241700,0,0,1,0
10873,-117.9,33.72,33,2613,562,3150,543,4.3899,180700,0,0,1,0
15111,-116.96,32.87,17,4713,740,2531,723,4.8286,158500,0,0,1,0
4733,-118.36,34.05,45,1879,395,946,409,3.3333,254700,0,0,1,0
5008,-118.33,34.02,46,2223,361,968,373,4.26,182600,0,0,1,0
14303,-117.14,32.72,45,1140,310,840,339,1.6156,156300,0,1,0,0
19454,-120.95,37.67,15,3062,584,1624,538,4.3864,137600,0,0,0,1
1795,-122.41,37.94,52,154,33,89,38,3.2875,275000,1,0,0,0
14722,-117.03,32.79,26,3859,513,1469,538,5.8683,220500,0,0,1,0
5036,-118.34,33.99,48,2225,433,1170,401,2.9643,140400,0,0,1,0
15392,-116.98,33.26,12,5898,1002,3129,945,4.7647,254100,0,0,1,0
18106,-122.04,37.3,25,3807,600,1678,600,6.6818,411300,0,0,1,0
16064,-122.48,37.75,52,2515,494,1583,477,4.3393,317600,1,0,0,0
6833,-118.12,34.08,52,1437,290,980,282,5.3032,245700,0,0,1,0
3517,-118.48,34.25,36,1951,395,1040,375,5.1619,195300,0,0,1,0
4302,-118.29,34.09,39,336,173,586,151,1.8056,262500,0,0,1,0
16844,-122.44,37.63,35,5113,959,3004,964,4.7625,281300,0,1,0,0
18709,-122.41,40.58,35,2072,385,1029,375,2.8512,75600,0,0,0,1
3414,-118.4,34.28,16,6573,1480,6161,1473,3.3304,154900,0,0,1,0
19368,-123.07,38.46,31,855,217,280,139,2.3611,112500,0,1,0,0
11427,-117.98,33.7,17,1997,340,952,341,4.4148,239200,0,0,1,0
3142,-118.17,34.86,21,2370,540,1488,554,2.7361,83300,0,0,0,1
17395,-120.44,34.96,39,1228,379,851,341,1.899,113300,0,0,1,0
14949,-116.98,32.72,4,1078,158,571,184,4.6667,223300,0,0,1,0
6201,-117.89,34.08,35,1711,335,825,356,3.5,215600,0,0,1,0
15897,-122.39,37.72,28,1609,340,1064,290,1.1125,206300,1,0,0,0
3431,-118.43,34.26,37,1269,348,1835,335,3.2583,147200,0,0,1,0
17392,-120.44,34.96,30,1685,315,1290,368,3.4722,112500,0,0,1,0
14557,-117.24,32.98,4,6423,1042,2607,983,7.6348,337000,0,1,0,0
14166,-117.07,32.77,38,1130,228,699,241,2.65,167600,0,1,0,0
11954,-117.45,33.93,20,5998,1320,3185,1199,3.2731,113900,0,0,0,1
20279,-119.2,34.19,19,9503,1769,6370,1718,5.0016,218500,0,1,0,0
2234,-119.78,36.86,8,3468,675,1604,626,4.2071,128300,0,0,0,1
301,-122.18,37.76,50,1187,261,907,246,1.9479,89500,1,0,0,0
19756,-122.21,40.18,30,744,156,410,165,2.1898,63200,0,0,0,1
7214,-118.17,34.02,41,676,216,851,199,2.3077,140600,0,0,1,0
474,-122.29,37.86,50,2485,607,1354,563,1.9483,150500,1,0,0,0
4625,-118.32,34.06,52,983,246,578,204,5.7393,500001,0,0,1,0
11226,-117.94,33.81,34,1290,203,664,204,5.8461,227400,0,0,1,0
1411,-122.07,37.94,30,1260,276,707,221,2.892,220800,1,0,0,0
58,-122.28,37.82,52,1489,335,728,244,0.8172,85300,1,0,0,0
9611,-120.49,37.3,35,1313,324,1350,343,1.75,57600,0,0,0,1
12560,-121.45,38.54,41,1278,308,839,280,1.4702,58300,0,0,0,1
10526,-117.7,33.56,3,2443,637,1033,548,4.1379,183300,0,0,1,0
5071,-118.31,33.98,44,222,54,234,77,5.1136,111700,0,0,1,0
7220,-118.16,34.02,35,1734,493,2053,508,2.1442,149200,0,0,1,0
8068,-118.18,33.83,44,1497,277,542,274,5.0052,321800,0,1,0,0
2957,-119.02,35.34,38,1463,294,692,295,2.3125,65800,0,0,0,1
8660,-118.41,33.85,16,6123,1989,2853,1789,4.425,336400,0,1,0,0
11964,-117.41,34.01,34,1231,216,841,199,2.6442,92000,0,0,0,1
9675,-118.74,37.58,20,3301,779,1085,448,3.7315,159300,0,0,0,1
17708,-121.81,37.32,26,2528,511,2677,512,4.1165,164900,0,0,1,0
8353,-118.33,33.96,24,6513,1290,2636,1271,4.2099,189800,0,0,1,0
8574,-118.41,33.9,39,2040,336,926,351,7.5552,500001,0,0,1,0
449,-122.28,37.87,46,3022,696,1293,675,2.543,220700,1,0,0,0
19590,-120.83,37.58,30,1527,256,757,240,3.6629,171400,0,0,0,1
2966,-119.07,35.35,24,4119,865,1294,879,2.4123,86200,0,0,0,1
1345,-121.9,38.01,34,3779,766,2356,722,3.5129,110600,0,0,0,1
11051,-117.85,33.79,52,2102,403,898,365,3.6827,236800,0,0,1,0
2719,-115.57,32.8,16,2276,594,1184,513,1.875,93800,0,0,0,1
8890,-118.5,34.03,32,6365,1784,2767,1698,3.6451,383300,0,0,1,0
14863,-117.09,32.65,25,3509,985,2359,899,2.6296,150000,0,1,0,0
1305,-121.83,38,15,6365,1646,3838,1458,2.5495,103600,0,0,0,1
5862,-118.33,34.18,48,2122,385,926,362,5.6975,231400,0,0,1,0
9939,-122.24,38.25,33,213,36,91,33,4.9167,187500,1,0,0,0
4128,-118.21,34.14,25,1908,628,1412,588,2.2267,189800,0,0,1,0
18242,-122.09,37.39,43,2065,535,1029,500,3.7318,327700,1,0,0,0
18844,-122.9,41.46,31,1277,263,600,241,1.7292,61700,0,0,0,1
11486,-117.99,33.72,26,1787,275,801,270,5.5514,255700,0,0,1,0
2828,-119.09,35.43,28,254,35,118,37,4.8571,237500,0,0,0,1
18037,-121.91,37.23,22,2614,453,1240,462,6.0712,271800,0,0,1,0
17406,-120.45,34.95,7,1479,532,1057,459,2.2538,162500,0,0,1,0
16002,-122.45,37.75,36,2303,381,862,371,6.0274,349000,1,0,0,0
11642,-118.05,33.82,21,2997,372,1323,372,8.6123,386700,0,0,1,0
8640,-118.43,33.87,41,847,173,344,170,6.822,500001,0,1,0,0
9531,-123.1,38.97,36,1211,247,697,251,2.5761,94900,0,0,1,0
19836,-119.39,36.54,30,1408,326,1184,324,1.7165,59100,0,0,0,1
6556,-118.1,34.18,39,2321,336,880,339,7.7108,450000,0,0,0,1
17973,-121.95,37.32,20,1145,198,431,173,3.1103,281900,0,0,1,0
87,-122.27,37.81,40,880,451,582,380,0.977,118800,1,0,0,0
7339,-118.15,33.97,33,1903,469,1882,435,2.4071,170500,0,0,1,0
15493,-117.21,33.13,19,3068,596,912,554,3.775,168000,0,1,0,0
19444,-121.04,37.68,18,5129,1171,3622,1128,2.0272,92700,0,0,0,1
18203,-122.04,37.39,5,8745,2211,3959,2019,4.7685,280100,0,0,1,0
7602,-118.26,33.89,36,2230,417,1395,381,2.8493,109600,0,0,1,0
2438,-119.61,36.58,29,1312,280,788,271,2.6974,73000,0,0,0,1
17103,-122.22,37.46,37,2586,495,1208,502,4.3214,342700,0,1,0,0
17118,-122.16,37.48,36,2238,479,1949,457,2.3769,157300,1,0,0,0
43,-122.26,37.84,49,713,202,462,189,1.025,118800,1,0,0,0
7955,-118.16,33.87,32,1854,471,1363,478,2.6406,156700,0,0,1,0
8992,-118.35,34,30,1879,226,740,266,6.431,492500,0,0,1,0
5725,-118.26,34.18,32,14556,2077,5459,2017,8.1657,500001,0,0,1,0
1573,-122,37.82,20,2206,458,926,432,4.6042,256400,0,0,1,0
9523,-123.21,39.14,15,2235,545,1376,516,1.9032,1e+05,0,0,1,0
909,-122,37.54,29,4133,744,2023,749,5.1616,275100,0,0,1,0
7363,-118.19,33.97,27,2911,972,3559,945,1.9485,146300,0,0,1,0
17252,-119.69,34.42,52,302,112,392,114,2.5978,258300,0,0,1,0
18932,-122.11,38.09,11,673,145,318,137,2.3929,122500,1,0,0,0
1805,-122.33,37.93,34,2326,471,1356,441,2.3475,90300,1,0,0,0
8493,-118.3,33.9,27,3267,762,2099,647,3.4,224100,0,0,1,0
19223,-122.7,38.46,29,2891,459,1012,441,5.0415,240200,0,0,1,0
8074,-118.18,33.83,52,2569,484,1030,451,4.1301,268400,0,1,0,0
10976,-117.84,33.76,22,378,78,196,81,3.6806,219400,0,0,1,0
7843,-118.18,33.9,32,1452,365,1888,366,3.5461,146400,0,0,1,0
4049,-118.53,34.14,28,6920,906,2515,860,9.2189,500001,0,0,1,0
6602,-118.15,34.18,42,1521,320,1118,311,3.3125,154900,0,0,1,0
19900,-119.2,36.28,22,2295,508,1654,478,1.684,65900,0,0,0,1
5907,-118.43,34.3,28,271,61,246,62,1.7062,164600,0,0,1,0
14223,-117.04,32.66,22,3362,630,1471,612,4.1442,303900,0,1,0,0
434,-122.29,37.88,46,1895,442,920,425,2.9926,192100,1,0,0,0
12009,-117.55,33.93,25,5187,934,2725,860,4.1865,154300,0,0,0,1
4137,-118.18,34.12,52,1081,311,904,283,1.9219,165100,0,0,1,0
5101,-118.31,33.97,52,1629,277,819,288,3.725,142600,0,0,1,0
16521,-121.21,37.79,33,811,185,446,198,1.6724,96900,0,0,0,1
3070,-119.25,35.75,36,1598,443,1658,417,1.517,52100,0,0,0,1
18529,-122.04,36.96,44,1294,269,645,259,3.2437,223900,0,1,0,0
15828,-122.42,37.75,52,1564,396,1162,374,3,275000,1,0,0,0
11508,-118.09,33.74,44,1671,390,871,367,4.6369,422200,0,1,0,0
4459,-118.19,34.09,41,2090,530,2043,537,1.9706,144200,0,0,1,0
6042,-117.73,34.05,28,2758,771,2877,694,2.0734,113300,0,0,0,1
7313,-118.2,33.98,43,1091,320,1418,316,2.1522,159400,0,0,1,0
19515,-121.03,37.62,46,2331,508,1210,484,2.5313,77700,0,0,0,1
5709,-118.23,34.21,29,2584,608,1217,568,3.3287,273400,0,0,1,0
1664,-121.93,37.93,16,2169,262,877,245,6.6049,312600,0,0,0,1
15511,-117.07,33.15,17,1893,297,936,287,5.1842,157700,0,0,1,0
8355,-118.32,33.95,44,2131,360,1040,330,5.0912,169800,0,0,1,0
7941,-118.12,33.86,44,2663,511,1277,462,4.3194,199500,0,0,1,0
10358,-117.66,33.59,18,4552,706,1918,671,7.5791,288100,0,0,1,0
19657,-120.85,37.49,42,264,72,310,70,1.4063,61500,0,0,0,1
2847,-118.96,35.41,29,3548,729,1542,659,2.947,87100,0,0,0,1
2121,-119.73,36.75,39,1745,321,901,303,3.1719,67900,0,0,0,1
15824,-122.42,37.75,52,1609,510,1155,439,2.2328,250000,1,0,0,0
18738,-122.35,40.56,16,2801,614,1695,563,1.9,81600,0,0,0,1
16190,-121.29,37.97,52,1610,480,1025,440,1.2962,110200,0,0,0,1
9040,-118.06,34.71,14,2606,514,1228,512,2.5764,150000,0,0,0,1
4808,-118.34,34.02,50,1172,261,685,260,3.1442,130300,0,0,1,0
13702,-117.24,34.11,23,1920,454,1161,358,2.2109,73200,0,0,0,1
16340,-121.34,38.04,16,3295,565,2279,576,3.6083,146400,0,0,0,1
11314,-117.95,33.77,38,989,246,691,204,3.2632,180900,0,0,1,0
4896,-118.24,34.01,48,396,99,485,110,2.375,107500,0,0,1,0
15712,-122.44,37.79,52,2083,491,1224,483,4.0882,468800,1,0,0,0
15310,-117.38,33.19,35,928,264,538,248,2.4583,197900,0,1,0,0
12920,-121.31,38.66,27,1713,282,761,295,5.2081,136400,0,0,0,1
10305,-117.78,33.87,16,5609,952,2624,934,5.3307,169600,0,0,1,0
12829,-121.45,38.7,24,2159,369,1141,355,3.9853,90400,0,0,0,1
6787,-118.14,34.1,27,4073,1013,2411,933,3.108,231000,0,0,1,0
9057,-118.12,34.69,27,3019,501,1580,523,3.7804,113500,0,0,0,1
892,-121.94,37.54,27,3715,526,1631,538,6.2179,305300,0,0,1,0
5882,-118.33,34.16,37,2381,575,1235,499,3.7941,247800,0,0,1,0
7348,-118.16,33.98,33,1196,313,1448,320,2.9375,162500,0,0,1,0
1736,-122.32,37.97,33,1595,292,991,300,4.6937,134100,1,0,0,0
12880,-121.38,38.65,34,825,173,355,130,3.1858,109500,0,0,0,1
19759,-122.23,40.17,21,1401,331,651,299,2.225,64700,0,0,0,1
4165,-118.19,34.1,42,1577,379,1317,378,3.2121,153900,0,0,1,0
19044,-121.76,38.41,19,686,107,348,109,3.9306,93800,0,0,0,1
8937,-118.47,34.02,41,2136,549,986,557,2.7254,444400,0,0,1,0
7251,-118.12,33.99,26,2296,534,1777,507,2.5395,191000,0,0,1,0
4705,-118.34,34.05,52,2530,458,1122,449,3.9167,321600,0,0,1,0
5085,-118.29,33.98,46,1118,300,786,254,1.4042,110000,0,0,1,0
16091,-122.48,37.72,45,1405,338,733,342,4.1116,187500,0,1,0,0
18524,-122.06,36.98,15,3385,669,1571,615,4.2254,320900,0,1,0,0
11080,-117.84,33.81,26,5574,1025,2607,988,4.0324,244900,0,0,1,0
3255,-120.14,36,33,1726,420,1371,388,2.0335,43900,0,0,0,1
19808,-118.96,36.66,18,1302,424,320,133,3.1964,80000,0,0,0,1
7062,-118.02,33.93,35,2400,398,1218,408,4.1312,193800,0,0,1,0
16342,-121.33,38.03,10,629,140,635,146,2.2961,126700,0,0,0,1
17582,-121.92,37.31,34,876,150,424,163,5.2769,241100,0,0,1,0
18736,-122.4,40.51,20,1750,352,834,340,2.485,100600,0,0,0,1
5530,-118.41,33.96,44,1802,306,753,282,6.0286,356000,0,0,1,0
18075,-122,37.28,32,2782,495,1092,455,5.4103,335900,0,0,1,0
7763,-118.1,33.91,36,1080,201,719,201,4.2679,175800,0,0,1,0
7467,-118.19,33.93,44,1613,345,1227,342,3.1667,145700,0,0,1,0
18747,-122.34,40.51,16,2247,502,1206,463,1.9946,119200,0,0,0,1
11465,-117.99,33.67,17,1692,427,903,423,3.5859,262500,0,0,1,0
12738,-121.36,38.64,24,6540,1008,2667,1031,5.5632,175200,0,0,0,1
8490,-118.29,33.91,28,1501,446,1028,418,2.3043,177500,0,0,1,0
7583,-118.24,33.89,34,1479,332,1166,322,2.6165,100900,0,0,1,0
9269,-122.49,38.1,43,1226,244,491,205,4.9286,307000,1,0,0,0
12211,-116.96,33.62,8,1003,167,388,140,4.2917,221900,0,0,0,1
3335,-122.65,38.92,30,70,38,20,13,4.125,112500,0,0,0,1
855,-122.01,37.59,2,838,295,240,149,2.875,237500,1,0,0,0
11945,-117.43,33.93,36,2386,396,1176,374,4.5122,113300,0,0,0,1
19607,-121.04,37.5,33,613,123,343,116,3.1875,129200,0,0,0,1
1146,-121.39,39.61,22,2828,610,986,391,2.8871,94700,0,0,0,1
9629,-120.35,37.31,17,605,159,416,83,2,87500,0,0,0,1
9454,-123.24,39.81,25,1435,304,746,259,1.7788,57900,0,0,0,1
16096,-122.5,37.76,48,1408,295,891,269,3.8333,296300,0,1,0,0
8582,-118.41,33.89,31,702,161,236,144,5.0497,500001,0,0,1,0
11632,-118.03,33.82,17,2178,477,1077,457,3.6815,245300,0,0,1,0
2110,-119.75,36.75,50,1515,294,852,297,1.9955,54200,0,0,0,1
19966,-119.08,36.22,28,1606,320,1158,317,3.0324,55600,0,0,0,1
20583,-122.16,38.9,33,1221,236,488,199,3.7574,92700,0,0,0,1
9429,-122.93,38.02,28,1284,265,628,219,3.5469,2e+05,0,1,0,0
15986,-122.47,37.76,52,2465,489,1170,498,4.0793,306700,1,0,0,0
20395,-118.87,34.22,14,3108,451,1566,434,6.2423,305400,0,0,1,0
1414,-122.07,37.94,43,1454,234,683,258,4.475,265700,1,0,0,0
17569,-121.93,37.32,52,1460,492,1165,455,2.5833,167500,0,0,1,0
7819,-118.11,33.9,35,1323,269,1084,240,5.0753,178000,0,0,1,0
1748,-122.36,37.96,30,950,317,1073,280,1.8664,107800,1,0,0,0
3942,-118.59,34.21,34,2389,521,1560,514,4.8333,225400,0,0,1,0
18532,-122.02,36.98,35,1053,263,552,237,2.7125,217500,0,1,0,0
12325,-116.44,33.93,17,5293,1266,1201,599,1.6849,88400,0,0,0,1
18052,-121.99,37.26,17,4034,611,1158,560,8.2069,442500,0,0,1,0
7964,-118.19,33.86,42,1999,431,1060,399,3.7031,167100,0,0,1,0
1683,-122.3,38,34,1712,317,956,341,4.4394,162000,1,0,0,0
8957,-118.38,34.01,18,9528,2075,3922,1920,4.7612,304100,0,0,1,0
1231,-120.55,38.31,18,1411,312,592,230,1.625,94700,0,0,0,1
13771,-117.02,34.03,19,4415,648,1627,619,4.2361,191600,0,0,0,1
17706,-121.81,37.31,14,2731,578,1109,551,3.1382,139700,0,0,1,0
13051,-121.32,38.59,24,4378,910,2149,812,2.5035,123700,0,0,0,1
10468,-117.73,33.53,3,6388,920,2129,819,7.8915,420600,0,0,1,0
19125,-122.65,38.24,49,3273,579,1431,539,4.275,227600,0,0,1,0
4094,-118.42,34.16,46,54,9,20,6,0.536,375000,0,0,1,0
13493,-117.4,34.04,17,1906,334,1550,338,3.025,81800,0,0,0,1
306,-122.18,37.76,43,2018,408,1111,367,1.8913,91200,1,0,0,0
16570,-121.42,37.76,18,5501,1051,2964,1009,4.1855,162100,0,0,0,1
1931,-121.06,38.7,9,13255,1739,5001,1627,6.314,228900,0,0,0,1
18782,-122.29,40.39,17,1682,332,887,316,1.8438,76400,0,0,0,1
13616,-117.26,34.13,39,3521,747,2256,721,2.1375,87500,0,0,0,1
13397,-117.57,34.02,5,6933,1311,3845,1285,4.6727,158900,0,0,0,1
13828,-117.2,34.48,7,4998,953,2764,891,3.205,101900,0,0,0,1
14955,-116.98,32.75,25,4137,662,1905,630,4.375,214000,0,0,1,0
18554,-122.04,36.96,42,538,107,200,104,2.1667,196400,0,1,0,0
12785,-121.44,38.65,28,1219,240,559,212,3.8295,122200,0,0,0,1
6151,-117.96,34.09,30,2686,613,2477,573,3.4427,160800,0,0,0,1
382,-122.16,37.74,46,1029,181,567,211,3.4844,129500,1,0,0,0
9350,-122.56,37.97,52,1833,324,735,306,4.6944,398900,1,0,0,0
15282,-117.3,33.06,31,2128,520,1049,485,4.027,290000,0,1,0,0
20302,-119.2,34.15,27,2076,681,1904,647,1.4773,160800,0,1,0,0
5142,-118.27,33.96,38,977,295,1073,292,1.0208,86400,0,0,1,0
19884,-119.19,36.34,33,2199,403,1245,394,2.73,96900,0,0,0,1
15550,-117.08,33.11,31,1356,324,1301,331,2.5331,115100,0,0,1,0
20021,-119.04,36.07,17,2623,659,1912,618,1.5893,52000,0,0,0,1
9945,-122.26,38.16,23,2840,491,1586,466,4.0337,130400,1,0,0,0
13266,-117.65,34.1,30,1461,341,1014,345,2.4667,106000,0,0,0,1
3211,-119.63,36.32,36,1518,287,749,255,2.2333,61000,0,0,0,1
3308,-122.64,38.95,28,1503,370,522,268,1.2029,68900,0,0,0,1
9879,-121.86,36.63,37,338,109,231,100,2.5313,108300,0,0,1,0
3118,-117.68,35.55,9,3811,605,1518,568,5.5551,142500,0,0,0,1
8025,-118.11,33.84,36,1074,188,496,196,4.625,217400,0,0,1,0
19269,-122.74,38.43,11,4670,1007,2430,962,3.0341,142300,0,0,1,0
11035,-117.82,33.78,25,4977,645,2061,646,6.58,318500,0,0,1,0
3889,-118.55,34.21,35,2592,490,1427,434,5.0623,246400,0,0,1,0
8648,-118.4,33.87,34,3145,786,1352,727,5.0976,469800,0,0,1,0
14088,-117.09,32.76,44,1139,214,470,217,3.5481,203100,0,1,0,0
15198,-117.09,32.91,16,2005,266,827,270,7.0546,282200,0,0,1,0
466,-122.28,37.86,52,938,195,393,189,3.8594,196400,1,0,0,0
12680,-121.38,38.55,26,1532,264,781,285,4.6944,130900,0,0,0,1
14431,-117.25,32.79,25,1627,375,735,378,3.6429,317100,0,1,0,0
13054,-121.3,38.6,32,9534,1819,4951,1710,3.3926,103400,0,0,0,1
6714,-118.18,34.13,44,2734,415,1057,424,7.9213,477800,0,0,1,0
8709,-118.36,33.86,37,1249,218,583,214,5.7422,330700,0,0,1,0
2267,-119.82,36.79,35,1474,291,709,294,2.6522,65900,0,0,0,1
4476,-118.17,34.08,39,787,181,731,179,3.2279,158500,0,0,1,0
3914,-118.55,34.2,31,1963,420,1494,415,3.5313,211800,0,0,1,0
9197,-119.45,37.21,17,3538,726,1603,629,2.9449,95600,0,0,0,1
1160,-121.53,39.52,30,1030,161,448,159,2.4821,73800,0,0,0,1
14792,-117.11,32.58,28,1869,407,1074,344,2.5988,135600,0,1,0,0
2287,-119.76,36.79,32,2463,468,1261,486,3.3281,75100,0,0,0,1
6112,-117.9,34.13,25,3076,856,2868,752,2.6619,117600,0,0,1,0
3176,-119.83,36.37,25,1549,269,819,272,2.7159,101400,0,0,0,1
4060,-118.44,34.15,38,1387,337,713,343,2.9352,304500,0,0,1,0
12294,-116.9,33.98,30,3915,672,1820,643,3.6339,98600,0,0,0,1
28,-122.28,37.85,52,1898,421,1102,397,1.808,105500,1,0,0,0
1024,-119.93,38.72,15,2061,465,573,196,2.2417,97900,0,0,0,1
13608,-117.25,34.15,22,7935,1976,4523,1791,2.1465,88800,0,0,0,1
2984,-119.03,35.34,34,2221,436,1131,408,3.0486,68500,0,0,0,1
13516,-117.34,34.11,29,2912,566,2188,518,3.2656,90600,0,0,0,1
3206,-119.62,36.35,10,3674,734,1864,718,2.6145,80300,0,0,0,1
8321,-118.3,33.95,36,1786,418,1367,393,1.5078,99600,0,0,1,0
4416,-118.25,34.09,52,1866,470,1211,417,2.935,189400,0,0,1,0
8088,-118.2,33.81,47,2347,437,1219,420,5.3096,209900,0,1,0,0
13859,-117.27,34.49,7,2344,351,846,314,4.7361,174500,0,0,0,1
15995,-122.47,37.76,48,2464,459,1179,458,4.4946,358600,1,0,0,0
8905,-118.47,34.04,32,2909,748,1310,706,4.516,350000,0,0,1,0
5270,-118.54,34.06,21,3755,525,1493,526,11.4233,500001,0,0,1,0
17840,-121.9,37.44,9,957,139,532,142,8.6675,441000,0,0,1,0
13304,-117.62,34.08,30,1372,235,1047,225,3.1597,116300,0,0,0,1
15097,-116.96,32.81,8,2378,638,1410,623,2.9097,152500,0,0,1,0
15382,-117.19,33.41,16,3031,554,1301,518,4.0882,296100,0,0,1,0
3073,-119.23,35.78,8,1612,343,1230,330,2.1806,67200,0,0,0,1
4775,-118.34,34.04,42,2010,494,1203,427,1.9408,134600,0,0,1,0
10017,-121.18,39.23,8,2112,360,782,344,3.7125,175000,0,0,0,1
11707,-120.06,39.09,30,2979,583,316,124,2.1987,124000,0,0,0,1
15378,-117.24,33.37,14,4687,793,2436,779,4.5391,180900,0,0,1,0
13482,-117.37,34.1,10,3404,855,1656,675,1.6977,91300,0,0,0,1
16996,-122.26,37.54,5,3264,442,1607,453,9.1415,500001,1,0,0,0
9358,-122.54,37.96,33,2534,495,996,449,4.3083,500001,1,0,0,0
19796,-123.11,40.6,23,708,202,316,136,1.1602,65000,0,0,0,1
5769,-118.3,34.16,40,1875,460,869,438,3.2321,243600,0,0,1,0
11000,-117.79,33.76,25,2037,252,796,249,11.0546,487200,0,0,1,0
7310,-118.19,33.98,34,1022,286,1058,275,2.6042,156700,0,0,1,0
8772,-118.34,33.8,34,1730,427,1008,393,3.9408,327700,0,0,1,0
17249,-119.7,34.42,52,329,109,291,102,1.4722,350000,0,0,1,0
3088,-118.87,35.65,33,1504,325,584,223,3.4792,94600,0,0,0,1
18552,-122.03,36.96,28,1607,421,926,385,2.425,216100,0,1,0,0
19778,-122.19,39.92,20,2563,658,1363,611,1.023,54200,0,0,0,1
19181,-122.58,38.46,15,2936,517,1182,501,3.3981,246900,0,0,1,0
15759,-122.44,37.77,52,2002,520,939,501,3.2239,488900,1,0,0,0
5400,-118.43,34.03,39,1733,429,855,387,3.2308,340800,0,0,1,0
10233,-117.93,33.87,29,1221,371,1822,326,1.7935,162500,0,0,1,0
10914,-117.86,33.73,26,1702,456,2776,463,2.6385,180200,0,0,1,0
